{
  "timestamp": "2025-11-25T02:40:31.908458",
  "model": "CNN-LSTM Autoencoder",
  "sequence_length": 30,
  "threshold": 0.18511781692504883,
  "metrics": {
    "accuracy": 0.6870294318959617,
    "precision": 0.6900294440274811,
    "recall": 0.9902236951118476,
    "f1_score": 0.8133101969990814,
    "roc_auc": 0.45781940875225297,
    "specificity": 0.01702673013548151,
    "sensitivity": 0.9902236951118476
  },
  "confusion_matrix": {
    "true_negatives": 93,
    "false_positives": 5369,
    "false_negatives": 118,
    "true_positives": 11952
  },
  "dataset": {
    "training_sequences": 6584,
    "validation_sequences": 1647,
    "testing_sequences": 17532,
    "features": 43
  }
}